Param_num,Parameter
1,"{timeSeries: ee.ImageCollection([]), maxSegments: 6 , spikeThreshold: 0.75, vertexCountOvershoot: 3, preventOneYearRecovery: true, recoveryThreshold: 0.25, pvalThreshold: 0.05, bestModelProportion: 0.75, minObservationsNeeded: 6 }"
2,"{timeSeries: ee.ImageCollection([]), maxSegments: 6 , spikeThreshold: 0.75, vertexCountOvershoot: 3, preventOneYearRecovery: true, recoveryThreshold: 0.25, pvalThreshold: 0.1, bestModelProportion: 0.75, minObservationsNeeded: 6 }"
3,"{timeSeries: ee.ImageCollection([]), maxSegments: 6 , spikeThreshold: 0.75, vertexCountOvershoot: 3, preventOneYearRecovery: true, recoveryThreshold: 0.25, pvalThreshold: 0.15, bestModelProportion: 0.75, minObservationsNeeded: 6 }"
4,"{timeSeries: ee.ImageCollection([]), maxSegments: 6 , spikeThreshold: 0.75, vertexCountOvershoot: 3, preventOneYearRecovery: true, recoveryThreshold: 0.5, pvalThreshold: 0.05, bestModelProportion: 0.75, minObservationsNeeded: 6 }"
5,"{timeSeries: ee.ImageCollection([]), maxSegments: 6 , spikeThreshold: 0.75, vertexCountOvershoot: 3, preventOneYearRecovery: true, recoveryThreshold: 0.5, pvalThreshold: 0.1, bestModelProportion: 0.75, minObservationsNeeded: 6 }"
6,"{timeSeries: ee.ImageCollection([]), maxSegments: 6 , spikeThreshold: 0.75, vertexCountOvershoot: 3, preventOneYearRecovery: true, recoveryThreshold: 0.5, pvalThreshold: 0.15, bestModelProportion: 0.75, minObservationsNeeded: 6 }"
7,"{timeSeries: ee.ImageCollection([]), maxSegments: 6 , spikeThreshold: 0.75, vertexCountOvershoot: 3, preventOneYearRecovery: true, recoveryThreshold: 0.9, pvalThreshold: 0.05, bestModelProportion: 0.75, minObservationsNeeded: 6 }"
8,"{timeSeries: ee.ImageCollection([]), maxSegments: 6 , spikeThreshold: 0.75, vertexCountOvershoot: 3, preventOneYearRecovery: true, recoveryThreshold: 0.9, pvalThreshold: 0.1, bestModelProportion: 0.75, minObservationsNeeded: 6 }"
9,"{timeSeries: ee.ImageCollection([]), maxSegments: 6 , spikeThreshold: 0.75, vertexCountOvershoot: 3, preventOneYearRecovery: true, recoveryThreshold: 0.9, pvalThreshold: 0.15, bestModelProportion: 0.75, minObservationsNeeded: 6 }"
10,"{timeSeries: ee.ImageCollection([]), maxSegments: 6 , spikeThreshold: 0.75, vertexCountOvershoot: 3, preventOneYearRecovery: true, recoveryThreshold: 1.0, pvalThreshold: 0.05, bestModelProportion: 0.75, minObservationsNeeded: 6 }"
11,"{timeSeries: ee.ImageCollection([]), maxSegments: 6 , spikeThreshold: 0.75, vertexCountOvershoot: 3, preventOneYearRecovery: true, recoveryThreshold: 1.0, pvalThreshold: 0.1, bestModelProportion: 0.75, minObservationsNeeded: 6 }"
12,"{timeSeries: ee.ImageCollection([]), maxSegments: 6 , spikeThreshold: 0.75, vertexCountOvershoot: 3, preventOneYearRecovery: true, recoveryThreshold: 1.0, pvalThreshold: 0.15, bestModelProportion: 0.75, minObservationsNeeded: 6 }"
13,"{timeSeries: ee.ImageCollection([]), maxSegments: 6 , spikeThreshold: 0.9, vertexCountOvershoot: 3, preventOneYearRecovery: true, recoveryThreshold: 0.25, pvalThreshold: 0.05, bestModelProportion: 0.75, minObservationsNeeded: 6 }"
14,"{timeSeries: ee.ImageCollection([]), maxSegments: 6 , spikeThreshold: 0.9, vertexCountOvershoot: 3, preventOneYearRecovery: true, recoveryThreshold: 0.25, pvalThreshold: 0.1, bestModelProportion: 0.75, minObservationsNeeded: 6 }"
15,"{timeSeries: ee.ImageCollection([]), maxSegments: 6 , spikeThreshold: 0.9, vertexCountOvershoot: 3, preventOneYearRecovery: true, recoveryThreshold: 0.25, pvalThreshold: 0.15, bestModelProportion: 0.75, minObservationsNeeded: 6 }"
16,"{timeSeries: ee.ImageCollection([]), maxSegments: 6 , spikeThreshold: 0.9, vertexCountOvershoot: 3, preventOneYearRecovery: true, recoveryThreshold: 0.5, pvalThreshold: 0.05, bestModelProportion: 0.75, minObservationsNeeded: 6 }"
17,"{timeSeries: ee.ImageCollection([]), maxSegments: 6 , spikeThreshold: 0.9, vertexCountOvershoot: 3, preventOneYearRecovery: true, recoveryThreshold: 0.5, pvalThreshold: 0.1, bestModelProportion: 0.75, minObservationsNeeded: 6 }"
18,"{timeSeries: ee.ImageCollection([]), maxSegments: 6 , spikeThreshold: 0.9, vertexCountOvershoot: 3, preventOneYearRecovery: true, recoveryThreshold: 0.5, pvalThreshold: 0.15, bestModelProportion: 0.75, minObservationsNeeded: 6 }"
19,"{timeSeries: ee.ImageCollection([]), maxSegments: 6 , spikeThreshold: 0.9, vertexCountOvershoot: 3, preventOneYearRecovery: true, recoveryThreshold: 0.9, pvalThreshold: 0.05, bestModelProportion: 0.75, minObservationsNeeded: 6 }"
20,"{timeSeries: ee.ImageCollection([]), maxSegments: 6 , spikeThreshold: 0.9, vertexCountOvershoot: 3, preventOneYearRecovery: true, recoveryThreshold: 0.9, pvalThreshold: 0.1, bestModelProportion: 0.75, minObservationsNeeded: 6 }"
21,"{timeSeries: ee.ImageCollection([]), maxSegments: 6 , spikeThreshold: 0.9, vertexCountOvershoot: 3, preventOneYearRecovery: true, recoveryThreshold: 0.9, pvalThreshold: 0.15, bestModelProportion: 0.75, minObservationsNeeded: 6 }"
22,"{timeSeries: ee.ImageCollection([]), maxSegments: 6 , spikeThreshold: 0.9, vertexCountOvershoot: 3, preventOneYearRecovery: true, recoveryThreshold: 1.0, pvalThreshold: 0.05, bestModelProportion: 0.75, minObservationsNeeded: 6 }"
23,"{timeSeries: ee.ImageCollection([]), maxSegments: 6 , spikeThreshold: 0.9, vertexCountOvershoot: 3, preventOneYearRecovery: true, recoveryThreshold: 1.0, pvalThreshold: 0.1, bestModelProportion: 0.75, minObservationsNeeded: 6 }"
24,"{timeSeries: ee.ImageCollection([]), maxSegments: 6 , spikeThreshold: 0.9, vertexCountOvershoot: 3, preventOneYearRecovery: true, recoveryThreshold: 1.0, pvalThreshold: 0.15, bestModelProportion: 0.75, minObservationsNeeded: 6 }"
25,"{timeSeries: ee.ImageCollection([]), maxSegments: 6 , spikeThreshold: 1.0, vertexCountOvershoot: 3, preventOneYearRecovery: true, recoveryThreshold: 0.25, pvalThreshold: 0.05, bestModelProportion: 0.75, minObservationsNeeded: 6 }"
26,"{timeSeries: ee.ImageCollection([]), maxSegments: 6 , spikeThreshold: 1.0, vertexCountOvershoot: 3, preventOneYearRecovery: true, recoveryThreshold: 0.25, pvalThreshold: 0.1, bestModelProportion: 0.75, minObservationsNeeded: 6 }"
27,"{timeSeries: ee.ImageCollection([]), maxSegments: 6 , spikeThreshold: 1.0, vertexCountOvershoot: 3, preventOneYearRecovery: true, recoveryThreshold: 0.25, pvalThreshold: 0.15, bestModelProportion: 0.75, minObservationsNeeded: 6 }"
28,"{timeSeries: ee.ImageCollection([]), maxSegments: 6 , spikeThreshold: 1.0, vertexCountOvershoot: 3, preventOneYearRecovery: true, recoveryThreshold: 0.5, pvalThreshold: 0.05, bestModelProportion: 0.75, minObservationsNeeded: 6 }"
29,"{timeSeries: ee.ImageCollection([]), maxSegments: 6 , spikeThreshold: 1.0, vertexCountOvershoot: 3, preventOneYearRecovery: true, recoveryThreshold: 0.5, pvalThreshold: 0.1, bestModelProportion: 0.75, minObservationsNeeded: 6 }"
30,"{timeSeries: ee.ImageCollection([]), maxSegments: 6 , spikeThreshold: 1.0, vertexCountOvershoot: 3, preventOneYearRecovery: true, recoveryThreshold: 0.5, pvalThreshold: 0.15, bestModelProportion: 0.75, minObservationsNeeded: 6 }"
31,"{timeSeries: ee.ImageCollection([]), maxSegments: 6 , spikeThreshold: 1.0, vertexCountOvershoot: 3, preventOneYearRecovery: true, recoveryThreshold: 0.9, pvalThreshold: 0.05, bestModelProportion: 0.75, minObservationsNeeded: 6 }"
32,"{timeSeries: ee.ImageCollection([]), maxSegments: 6 , spikeThreshold: 1.0, vertexCountOvershoot: 3, preventOneYearRecovery: true, recoveryThreshold: 0.9, pvalThreshold: 0.1, bestModelProportion: 0.75, minObservationsNeeded: 6 }"
33,"{timeSeries: ee.ImageCollection([]), maxSegments: 6 , spikeThreshold: 1.0, vertexCountOvershoot: 3, preventOneYearRecovery: true, recoveryThreshold: 0.9, pvalThreshold: 0.15, bestModelProportion: 0.75, minObservationsNeeded: 6 }"
34,"{timeSeries: ee.ImageCollection([]), maxSegments: 6 , spikeThreshold: 1.0, vertexCountOvershoot: 3, preventOneYearRecovery: true, recoveryThreshold: 1.0, pvalThreshold: 0.05, bestModelProportion: 0.75, minObservationsNeeded: 6 }"
35,"{timeSeries: ee.ImageCollection([]), maxSegments: 6 , spikeThreshold: 1.0, vertexCountOvershoot: 3, preventOneYearRecovery: true, recoveryThreshold: 1.0, pvalThreshold: 0.1, bestModelProportion: 0.75, minObservationsNeeded: 6 }"
36,"{timeSeries: ee.ImageCollection([]), maxSegments: 6 , spikeThreshold: 1.0, vertexCountOvershoot: 3, preventOneYearRecovery: true, recoveryThreshold: 1.0, pvalThreshold: 0.15, bestModelProportion: 0.75, minObservationsNeeded: 6 }"
37,"{timeSeries: ee.ImageCollection([]), maxSegments: 8 , spikeThreshold: 0.75, vertexCountOvershoot: 3, preventOneYearRecovery: true, recoveryThreshold: 0.25, pvalThreshold: 0.05, bestModelProportion: 0.75, minObservationsNeeded: 8 }"
38,"{timeSeries: ee.ImageCollection([]), maxSegments: 8 , spikeThreshold: 0.75, vertexCountOvershoot: 3, preventOneYearRecovery: true, recoveryThreshold: 0.25, pvalThreshold: 0.1, bestModelProportion: 0.75, minObservationsNeeded: 8 }"
39,"{timeSeries: ee.ImageCollection([]), maxSegments: 8 , spikeThreshold: 0.75, vertexCountOvershoot: 3, preventOneYearRecovery: true, recoveryThreshold: 0.25, pvalThreshold: 0.15, bestModelProportion: 0.75, minObservationsNeeded: 8 }"
40,"{timeSeries: ee.ImageCollection([]), maxSegments: 8 , spikeThreshold: 0.75, vertexCountOvershoot: 3, preventOneYearRecovery: true, recoveryThreshold: 0.5, pvalThreshold: 0.05, bestModelProportion: 0.75, minObservationsNeeded: 8 }"
41,"{timeSeries: ee.ImageCollection([]), maxSegments: 8 , spikeThreshold: 0.75, vertexCountOvershoot: 3, preventOneYearRecovery: true, recoveryThreshold: 0.5, pvalThreshold: 0.1, bestModelProportion: 0.75, minObservationsNeeded: 8 }"
42,"{timeSeries: ee.ImageCollection([]), maxSegments: 8 , spikeThreshold: 0.75, vertexCountOvershoot: 3, preventOneYearRecovery: true, recoveryThreshold: 0.5, pvalThreshold: 0.15, bestModelProportion: 0.75, minObservationsNeeded: 8 }"
43,"{timeSeries: ee.ImageCollection([]), maxSegments: 8 , spikeThreshold: 0.75, vertexCountOvershoot: 3, preventOneYearRecovery: true, recoveryThreshold: 0.9, pvalThreshold: 0.05, bestModelProportion: 0.75, minObservationsNeeded: 8 }"
44,"{timeSeries: ee.ImageCollection([]), maxSegments: 8 , spikeThreshold: 0.75, vertexCountOvershoot: 3, preventOneYearRecovery: true, recoveryThreshold: 0.9, pvalThreshold: 0.1, bestModelProportion: 0.75, minObservationsNeeded: 8 }"
45,"{timeSeries: ee.ImageCollection([]), maxSegments: 8 , spikeThreshold: 0.75, vertexCountOvershoot: 3, preventOneYearRecovery: true, recoveryThreshold: 0.9, pvalThreshold: 0.15, bestModelProportion: 0.75, minObservationsNeeded: 8 }"
46,"{timeSeries: ee.ImageCollection([]), maxSegments: 8 , spikeThreshold: 0.75, vertexCountOvershoot: 3, preventOneYearRecovery: true, recoveryThreshold: 1.0, pvalThreshold: 0.05, bestModelProportion: 0.75, minObservationsNeeded: 8 }"
47,"{timeSeries: ee.ImageCollection([]), maxSegments: 8 , spikeThreshold: 0.75, vertexCountOvershoot: 3, preventOneYearRecovery: true, recoveryThreshold: 1.0, pvalThreshold: 0.1, bestModelProportion: 0.75, minObservationsNeeded: 8 }"
48,"{timeSeries: ee.ImageCollection([]), maxSegments: 8 , spikeThreshold: 0.75, vertexCountOvershoot: 3, preventOneYearRecovery: true, recoveryThreshold: 1.0, pvalThreshold: 0.15, bestModelProportion: 0.75, minObservationsNeeded: 8 }"
49,"{timeSeries: ee.ImageCollection([]), maxSegments: 8 , spikeThreshold: 0.9, vertexCountOvershoot: 3, preventOneYearRecovery: true, recoveryThreshold: 0.25, pvalThreshold: 0.05, bestModelProportion: 0.75, minObservationsNeeded: 8 }"
50,"{timeSeries: ee.ImageCollection([]), maxSegments: 8 , spikeThreshold: 0.9, vertexCountOvershoot: 3, preventOneYearRecovery: true, recoveryThreshold: 0.25, pvalThreshold: 0.1, bestModelProportion: 0.75, minObservationsNeeded: 8 }"
51,"{timeSeries: ee.ImageCollection([]), maxSegments: 8 , spikeThreshold: 0.9, vertexCountOvershoot: 3, preventOneYearRecovery: true, recoveryThreshold: 0.25, pvalThreshold: 0.15, bestModelProportion: 0.75, minObservationsNeeded: 8 }"
52,"{timeSeries: ee.ImageCollection([]), maxSegments: 8 , spikeThreshold: 0.9, vertexCountOvershoot: 3, preventOneYearRecovery: true, recoveryThreshold: 0.5, pvalThreshold: 0.05, bestModelProportion: 0.75, minObservationsNeeded: 8 }"
53,"{timeSeries: ee.ImageCollection([]), maxSegments: 8 , spikeThreshold: 0.9, vertexCountOvershoot: 3, preventOneYearRecovery: true, recoveryThreshold: 0.5, pvalThreshold: 0.1, bestModelProportion: 0.75, minObservationsNeeded: 8 }"
54,"{timeSeries: ee.ImageCollection([]), maxSegments: 8 , spikeThreshold: 0.9, vertexCountOvershoot: 3, preventOneYearRecovery: true, recoveryThreshold: 0.5, pvalThreshold: 0.15, bestModelProportion: 0.75, minObservationsNeeded: 8 }"
55,"{timeSeries: ee.ImageCollection([]), maxSegments: 8 , spikeThreshold: 0.9, vertexCountOvershoot: 3, preventOneYearRecovery: true, recoveryThreshold: 0.9, pvalThreshold: 0.05, bestModelProportion: 0.75, minObservationsNeeded: 8 }"
56,"{timeSeries: ee.ImageCollection([]), maxSegments: 8 , spikeThreshold: 0.9, vertexCountOvershoot: 3, preventOneYearRecovery: true, recoveryThreshold: 0.9, pvalThreshold: 0.1, bestModelProportion: 0.75, minObservationsNeeded: 8 }"
57,"{timeSeries: ee.ImageCollection([]), maxSegments: 8 , spikeThreshold: 0.9, vertexCountOvershoot: 3, preventOneYearRecovery: true, recoveryThreshold: 0.9, pvalThreshold: 0.15, bestModelProportion: 0.75, minObservationsNeeded: 8 }"
58,"{timeSeries: ee.ImageCollection([]), maxSegments: 8 , spikeThreshold: 0.9, vertexCountOvershoot: 3, preventOneYearRecovery: true, recoveryThreshold: 1.0, pvalThreshold: 0.05, bestModelProportion: 0.75, minObservationsNeeded: 8 }"
59,"{timeSeries: ee.ImageCollection([]), maxSegments: 8 , spikeThreshold: 0.9, vertexCountOvershoot: 3, preventOneYearRecovery: true, recoveryThreshold: 1.0, pvalThreshold: 0.1, bestModelProportion: 0.75, minObservationsNeeded: 8 }"
60,"{timeSeries: ee.ImageCollection([]), maxSegments: 8 , spikeThreshold: 0.9, vertexCountOvershoot: 3, preventOneYearRecovery: true, recoveryThreshold: 1.0, pvalThreshold: 0.15, bestModelProportion: 0.75, minObservationsNeeded: 8 }"
61,"{timeSeries: ee.ImageCollection([]), maxSegments: 8 , spikeThreshold: 1.0, vertexCountOvershoot: 3, preventOneYearRecovery: true, recoveryThreshold: 0.25, pvalThreshold: 0.05, bestModelProportion: 0.75, minObservationsNeeded: 8 }"
62,"{timeSeries: ee.ImageCollection([]), maxSegments: 8 , spikeThreshold: 1.0, vertexCountOvershoot: 3, preventOneYearRecovery: true, recoveryThreshold: 0.25, pvalThreshold: 0.1, bestModelProportion: 0.75, minObservationsNeeded: 8 }"
63,"{timeSeries: ee.ImageCollection([]), maxSegments: 8 , spikeThreshold: 1.0, vertexCountOvershoot: 3, preventOneYearRecovery: true, recoveryThreshold: 0.25, pvalThreshold: 0.15, bestModelProportion: 0.75, minObservationsNeeded: 8 }"
64,"{timeSeries: ee.ImageCollection([]), maxSegments: 8 , spikeThreshold: 1.0, vertexCountOvershoot: 3, preventOneYearRecovery: true, recoveryThreshold: 0.5, pvalThreshold: 0.05, bestModelProportion: 0.75, minObservationsNeeded: 8 }"
65,"{timeSeries: ee.ImageCollection([]), maxSegments: 8 , spikeThreshold: 1.0, vertexCountOvershoot: 3, preventOneYearRecovery: true, recoveryThreshold: 0.5, pvalThreshold: 0.1, bestModelProportion: 0.75, minObservationsNeeded: 8 }"
66,"{timeSeries: ee.ImageCollection([]), maxSegments: 8 , spikeThreshold: 1.0, vertexCountOvershoot: 3, preventOneYearRecovery: true, recoveryThreshold: 0.5, pvalThreshold: 0.15, bestModelProportion: 0.75, minObservationsNeeded: 8 }"
67,"{timeSeries: ee.ImageCollection([]), maxSegments: 8 , spikeThreshold: 1.0, vertexCountOvershoot: 3, preventOneYearRecovery: true, recoveryThreshold: 0.9, pvalThreshold: 0.05, bestModelProportion: 0.75, minObservationsNeeded: 8 }"
68,"{timeSeries: ee.ImageCollection([]), maxSegments: 8 , spikeThreshold: 1.0, vertexCountOvershoot: 3, preventOneYearRecovery: true, recoveryThreshold: 0.9, pvalThreshold: 0.1, bestModelProportion: 0.75, minObservationsNeeded: 8 }"
69,"{timeSeries: ee.ImageCollection([]), maxSegments: 8 , spikeThreshold: 1.0, vertexCountOvershoot: 3, preventOneYearRecovery: true, recoveryThreshold: 0.9, pvalThreshold: 0.15, bestModelProportion: 0.75, minObservationsNeeded: 8 }"
70,"{timeSeries: ee.ImageCollection([]), maxSegments: 8 , spikeThreshold: 1.0, vertexCountOvershoot: 3, preventOneYearRecovery: true, recoveryThreshold: 1.0, pvalThreshold: 0.05, bestModelProportion: 0.75, minObservationsNeeded: 8 }"
71,"{timeSeries: ee.ImageCollection([]), maxSegments: 8 , spikeThreshold: 1.0, vertexCountOvershoot: 3, preventOneYearRecovery: true, recoveryThreshold: 1.0, pvalThreshold: 0.1, bestModelProportion: 0.75, minObservationsNeeded: 8 }"
72,"{timeSeries: ee.ImageCollection([]), maxSegments: 8 , spikeThreshold: 1.0, vertexCountOvershoot: 3, preventOneYearRecovery: true, recoveryThreshold: 1.0, pvalThreshold: 0.15, bestModelProportion: 0.75, minObservationsNeeded: 8 }"
73,"{timeSeries: ee.ImageCollection([]), maxSegments: 10 , spikeThreshold: 0.75, vertexCountOvershoot: 3, preventOneYearRecovery: true, recoveryThreshold: 0.25, pvalThreshold: 0.05, bestModelProportion: 0.75, minObservationsNeeded: 10 }"
74,"{timeSeries: ee.ImageCollection([]), maxSegments: 10 , spikeThreshold: 0.75, vertexCountOvershoot: 3, preventOneYearRecovery: true, recoveryThreshold: 0.25, pvalThreshold: 0.1, bestModelProportion: 0.75, minObservationsNeeded: 10 }"
75,"{timeSeries: ee.ImageCollection([]), maxSegments: 10 , spikeThreshold: 0.75, vertexCountOvershoot: 3, preventOneYearRecovery: true, recoveryThreshold: 0.25, pvalThreshold: 0.15, bestModelProportion: 0.75, minObservationsNeeded: 10 }"
76,"{timeSeries: ee.ImageCollection([]), maxSegments: 10 , spikeThreshold: 0.75, vertexCountOvershoot: 3, preventOneYearRecovery: true, recoveryThreshold: 0.5, pvalThreshold: 0.05, bestModelProportion: 0.75, minObservationsNeeded: 10 }"
77,"{timeSeries: ee.ImageCollection([]), maxSegments: 10 , spikeThreshold: 0.75, vertexCountOvershoot: 3, preventOneYearRecovery: true, recoveryThreshold: 0.5, pvalThreshold: 0.1, bestModelProportion: 0.75, minObservationsNeeded: 10 }"
78,"{timeSeries: ee.ImageCollection([]), maxSegments: 10 , spikeThreshold: 0.75, vertexCountOvershoot: 3, preventOneYearRecovery: true, recoveryThreshold: 0.5, pvalThreshold: 0.15, bestModelProportion: 0.75, minObservationsNeeded: 10 }"
79,"{timeSeries: ee.ImageCollection([]), maxSegments: 10 , spikeThreshold: 0.75, vertexCountOvershoot: 3, preventOneYearRecovery: true, recoveryThreshold: 0.9, pvalThreshold: 0.05, bestModelProportion: 0.75, minObservationsNeeded: 10 }"
80,"{timeSeries: ee.ImageCollection([]), maxSegments: 10 , spikeThreshold: 0.75, vertexCountOvershoot: 3, preventOneYearRecovery: true, recoveryThreshold: 0.9, pvalThreshold: 0.1, bestModelProportion: 0.75, minObservationsNeeded: 10 }"
81,"{timeSeries: ee.ImageCollection([]), maxSegments: 10 , spikeThreshold: 0.75, vertexCountOvershoot: 3, preventOneYearRecovery: true, recoveryThreshold: 0.9, pvalThreshold: 0.15, bestModelProportion: 0.75, minObservationsNeeded: 10 }"
82,"{timeSeries: ee.ImageCollection([]), maxSegments: 10 , spikeThreshold: 0.75, vertexCountOvershoot: 3, preventOneYearRecovery: true, recoveryThreshold: 1.0, pvalThreshold: 0.05, bestModelProportion: 0.75, minObservationsNeeded: 10 }"
83,"{timeSeries: ee.ImageCollection([]), maxSegments: 10 , spikeThreshold: 0.75, vertexCountOvershoot: 3, preventOneYearRecovery: true, recoveryThreshold: 1.0, pvalThreshold: 0.1, bestModelProportion: 0.75, minObservationsNeeded: 10 }"
84,"{timeSeries: ee.ImageCollection([]), maxSegments: 10 , spikeThreshold: 0.75, vertexCountOvershoot: 3, preventOneYearRecovery: true, recoveryThreshold: 1.0, pvalThreshold: 0.15, bestModelProportion: 0.75, minObservationsNeeded: 10 }"
85,"{timeSeries: ee.ImageCollection([]), maxSegments: 10 , spikeThreshold: 0.9, vertexCountOvershoot: 3, preventOneYearRecovery: true, recoveryThreshold: 0.25, pvalThreshold: 0.05, bestModelProportion: 0.75, minObservationsNeeded: 10 }"
86,"{timeSeries: ee.ImageCollection([]), maxSegments: 10 , spikeThreshold: 0.9, vertexCountOvershoot: 3, preventOneYearRecovery: true, recoveryThreshold: 0.25, pvalThreshold: 0.1, bestModelProportion: 0.75, minObservationsNeeded: 10 }"
87,"{timeSeries: ee.ImageCollection([]), maxSegments: 10 , spikeThreshold: 0.9, vertexCountOvershoot: 3, preventOneYearRecovery: true, recoveryThreshold: 0.25, pvalThreshold: 0.15, bestModelProportion: 0.75, minObservationsNeeded: 10 }"
88,"{timeSeries: ee.ImageCollection([]), maxSegments: 10 , spikeThreshold: 0.9, vertexCountOvershoot: 3, preventOneYearRecovery: true, recoveryThreshold: 0.5, pvalThreshold: 0.05, bestModelProportion: 0.75, minObservationsNeeded: 10 }"
89,"{timeSeries: ee.ImageCollection([]), maxSegments: 10 , spikeThreshold: 0.9, vertexCountOvershoot: 3, preventOneYearRecovery: true, recoveryThreshold: 0.5, pvalThreshold: 0.1, bestModelProportion: 0.75, minObservationsNeeded: 10 }"
90,"{timeSeries: ee.ImageCollection([]), maxSegments: 10 , spikeThreshold: 0.9, vertexCountOvershoot: 3, preventOneYearRecovery: true, recoveryThreshold: 0.5, pvalThreshold: 0.15, bestModelProportion: 0.75, minObservationsNeeded: 10 }"
91,"{timeSeries: ee.ImageCollection([]), maxSegments: 10 , spikeThreshold: 0.9, vertexCountOvershoot: 3, preventOneYearRecovery: true, recoveryThreshold: 0.9, pvalThreshold: 0.05, bestModelProportion: 0.75, minObservationsNeeded: 10 }"
92,"{timeSeries: ee.ImageCollection([]), maxSegments: 10 , spikeThreshold: 0.9, vertexCountOvershoot: 3, preventOneYearRecovery: true, recoveryThreshold: 0.9, pvalThreshold: 0.1, bestModelProportion: 0.75, minObservationsNeeded: 10 }"
93,"{timeSeries: ee.ImageCollection([]), maxSegments: 10 , spikeThreshold: 0.9, vertexCountOvershoot: 3, preventOneYearRecovery: true, recoveryThreshold: 0.9, pvalThreshold: 0.15, bestModelProportion: 0.75, minObservationsNeeded: 10 }"
94,"{timeSeries: ee.ImageCollection([]), maxSegments: 10 , spikeThreshold: 0.9, vertexCountOvershoot: 3, preventOneYearRecovery: true, recoveryThreshold: 1.0, pvalThreshold: 0.05, bestModelProportion: 0.75, minObservationsNeeded: 10 }"
95,"{timeSeries: ee.ImageCollection([]), maxSegments: 10 , spikeThreshold: 0.9, vertexCountOvershoot: 3, preventOneYearRecovery: true, recoveryThreshold: 1.0, pvalThreshold: 0.1, bestModelProportion: 0.75, minObservationsNeeded: 10 }"
96,"{timeSeries: ee.ImageCollection([]), maxSegments: 10 , spikeThreshold: 0.9, vertexCountOvershoot: 3, preventOneYearRecovery: true, recoveryThreshold: 1.0, pvalThreshold: 0.15, bestModelProportion: 0.75, minObservationsNeeded: 10 }"
97,"{timeSeries: ee.ImageCollection([]), maxSegments: 10 , spikeThreshold: 1.0, vertexCountOvershoot: 3, preventOneYearRecovery: true, recoveryThreshold: 0.25, pvalThreshold: 0.05, bestModelProportion: 0.75, minObservationsNeeded: 10 }"
98,"{timeSeries: ee.ImageCollection([]), maxSegments: 10 , spikeThreshold: 1.0, vertexCountOvershoot: 3, preventOneYearRecovery: true, recoveryThreshold: 0.25, pvalThreshold: 0.1, bestModelProportion: 0.75, minObservationsNeeded: 10 }"
99,"{timeSeries: ee.ImageCollection([]), maxSegments: 10 , spikeThreshold: 1.0, vertexCountOvershoot: 3, preventOneYearRecovery: true, recoveryThreshold: 0.25, pvalThreshold: 0.15, bestModelProportion: 0.75, minObservationsNeeded: 10 }"
100,"{timeSeries: ee.ImageCollection([]), maxSegments: 10 , spikeThreshold: 1.0, vertexCountOvershoot: 3, preventOneYearRecovery: true, recoveryThreshold: 0.5, pvalThreshold: 0.05, bestModelProportion: 0.75, minObservationsNeeded: 10 }"
101,"{timeSeries: ee.ImageCollection([]), maxSegments: 10 , spikeThreshold: 1.0, vertexCountOvershoot: 3, preventOneYearRecovery: true, recoveryThreshold: 0.5, pvalThreshold: 0.1, bestModelProportion: 0.75, minObservationsNeeded: 10 }"
102,"{timeSeries: ee.ImageCollection([]), maxSegments: 10 , spikeThreshold: 1.0, vertexCountOvershoot: 3, preventOneYearRecovery: true, recoveryThreshold: 0.5, pvalThreshold: 0.15, bestModelProportion: 0.75, minObservationsNeeded: 10 }"
103,"{timeSeries: ee.ImageCollection([]), maxSegments: 10 , spikeThreshold: 1.0, vertexCountOvershoot: 3, preventOneYearRecovery: true, recoveryThreshold: 0.9, pvalThreshold: 0.05, bestModelProportion: 0.75, minObservationsNeeded: 10 }"
104,"{timeSeries: ee.ImageCollection([]), maxSegments: 10 , spikeThreshold: 1.0, vertexCountOvershoot: 3, preventOneYearRecovery: true, recoveryThreshold: 0.9, pvalThreshold: 0.1, bestModelProportion: 0.75, minObservationsNeeded: 10 }"
105,"{timeSeries: ee.ImageCollection([]), maxSegments: 10 , spikeThreshold: 1.0, vertexCountOvershoot: 3, preventOneYearRecovery: true, recoveryThreshold: 0.9, pvalThreshold: 0.15, bestModelProportion: 0.75, minObservationsNeeded: 10 }"
106,"{timeSeries: ee.ImageCollection([]), maxSegments: 10 , spikeThreshold: 1.0, vertexCountOvershoot: 3, preventOneYearRecovery: true, recoveryThreshold: 1.0, pvalThreshold: 0.05, bestModelProportion: 0.75, minObservationsNeeded: 10 }"
107,"{timeSeries: ee.ImageCollection([]), maxSegments: 10 , spikeThreshold: 1.0, vertexCountOvershoot: 3, preventOneYearRecovery: true, recoveryThreshold: 1.0, pvalThreshold: 0.1, bestModelProportion: 0.75, minObservationsNeeded: 10 }"
108,"{timeSeries: ee.ImageCollection([]), maxSegments: 10 , spikeThreshold: 1.0, vertexCountOvershoot: 3, preventOneYearRecovery: true, recoveryThreshold: 1.0, pvalThreshold: 0.15, bestModelProportion: 0.75, minObservationsNeeded: 10 }"
109,"{timeSeries: ee.ImageCollection([]), maxSegments: 11 , spikeThreshold: 0.75, vertexCountOvershoot: 3, preventOneYearRecovery: true, recoveryThreshold: 0.25, pvalThreshold: 0.05, bestModelProportion: 0.75, minObservationsNeeded: 11 }"
110,"{timeSeries: ee.ImageCollection([]), maxSegments: 11 , spikeThreshold: 0.75, vertexCountOvershoot: 3, preventOneYearRecovery: true, recoveryThreshold: 0.25, pvalThreshold: 0.1, bestModelProportion: 0.75, minObservationsNeeded: 11 }"
111,"{timeSeries: ee.ImageCollection([]), maxSegments: 11 , spikeThreshold: 0.75, vertexCountOvershoot: 3, preventOneYearRecovery: true, recoveryThreshold: 0.25, pvalThreshold: 0.15, bestModelProportion: 0.75, minObservationsNeeded: 11 }"
112,"{timeSeries: ee.ImageCollection([]), maxSegments: 11 , spikeThreshold: 0.75, vertexCountOvershoot: 3, preventOneYearRecovery: true, recoveryThreshold: 0.5, pvalThreshold: 0.05, bestModelProportion: 0.75, minObservationsNeeded: 11 }"
113,"{timeSeries: ee.ImageCollection([]), maxSegments: 11 , spikeThreshold: 0.75, vertexCountOvershoot: 3, preventOneYearRecovery: true, recoveryThreshold: 0.5, pvalThreshold: 0.1, bestModelProportion: 0.75, minObservationsNeeded: 11 }"
114,"{timeSeries: ee.ImageCollection([]), maxSegments: 11 , spikeThreshold: 0.75, vertexCountOvershoot: 3, preventOneYearRecovery: true, recoveryThreshold: 0.5, pvalThreshold: 0.15, bestModelProportion: 0.75, minObservationsNeeded: 11 }"
115,"{timeSeries: ee.ImageCollection([]), maxSegments: 11 , spikeThreshold: 0.75, vertexCountOvershoot: 3, preventOneYearRecovery: true, recoveryThreshold: 0.9, pvalThreshold: 0.05, bestModelProportion: 0.75, minObservationsNeeded: 11 }"
116,"{timeSeries: ee.ImageCollection([]), maxSegments: 11 , spikeThreshold: 0.75, vertexCountOvershoot: 3, preventOneYearRecovery: true, recoveryThreshold: 0.9, pvalThreshold: 0.1, bestModelProportion: 0.75, minObservationsNeeded: 11 }"
117,"{timeSeries: ee.ImageCollection([]), maxSegments: 11 , spikeThreshold: 0.75, vertexCountOvershoot: 3, preventOneYearRecovery: true, recoveryThreshold: 0.9, pvalThreshold: 0.15, bestModelProportion: 0.75, minObservationsNeeded: 11 }"
118,"{timeSeries: ee.ImageCollection([]), maxSegments: 11 , spikeThreshold: 0.75, vertexCountOvershoot: 3, preventOneYearRecovery: true, recoveryThreshold: 1.0, pvalThreshold: 0.05, bestModelProportion: 0.75, minObservationsNeeded: 11 }"
119,"{timeSeries: ee.ImageCollection([]), maxSegments: 11 , spikeThreshold: 0.75, vertexCountOvershoot: 3, preventOneYearRecovery: true, recoveryThreshold: 1.0, pvalThreshold: 0.1, bestModelProportion: 0.75, minObservationsNeeded: 11 }"
120,"{timeSeries: ee.ImageCollection([]), maxSegments: 11 , spikeThreshold: 0.75, vertexCountOvershoot: 3, preventOneYearRecovery: true, recoveryThreshold: 1.0, pvalThreshold: 0.15, bestModelProportion: 0.75, minObservationsNeeded: 11 }"
121,"{timeSeries: ee.ImageCollection([]), maxSegments: 11 , spikeThreshold: 0.9, vertexCountOvershoot: 3, preventOneYearRecovery: true, recoveryThreshold: 0.25, pvalThreshold: 0.05, bestModelProportion: 0.75, minObservationsNeeded: 11 }"
122,"{timeSeries: ee.ImageCollection([]), maxSegments: 11 , spikeThreshold: 0.9, vertexCountOvershoot: 3, preventOneYearRecovery: true, recoveryThreshold: 0.25, pvalThreshold: 0.1, bestModelProportion: 0.75, minObservationsNeeded: 11 }"
123,"{timeSeries: ee.ImageCollection([]), maxSegments: 11 , spikeThreshold: 0.9, vertexCountOvershoot: 3, preventOneYearRecovery: true, recoveryThreshold: 0.25, pvalThreshold: 0.15, bestModelProportion: 0.75, minObservationsNeeded: 11 }"
124,"{timeSeries: ee.ImageCollection([]), maxSegments: 11 , spikeThreshold: 0.9, vertexCountOvershoot: 3, preventOneYearRecovery: true, recoveryThreshold: 0.5, pvalThreshold: 0.05, bestModelProportion: 0.75, minObservationsNeeded: 11 }"
125,"{timeSeries: ee.ImageCollection([]), maxSegments: 11 , spikeThreshold: 0.9, vertexCountOvershoot: 3, preventOneYearRecovery: true, recoveryThreshold: 0.5, pvalThreshold: 0.1, bestModelProportion: 0.75, minObservationsNeeded: 11 }"
126,"{timeSeries: ee.ImageCollection([]), maxSegments: 11 , spikeThreshold: 0.9, vertexCountOvershoot: 3, preventOneYearRecovery: true, recoveryThreshold: 0.5, pvalThreshold: 0.15, bestModelProportion: 0.75, minObservationsNeeded: 11 }"
127,"{timeSeries: ee.ImageCollection([]), maxSegments: 11 , spikeThreshold: 0.9, vertexCountOvershoot: 3, preventOneYearRecovery: true, recoveryThreshold: 0.9, pvalThreshold: 0.05, bestModelProportion: 0.75, minObservationsNeeded: 11 }"
128,"{timeSeries: ee.ImageCollection([]), maxSegments: 11 , spikeThreshold: 0.9, vertexCountOvershoot: 3, preventOneYearRecovery: true, recoveryThreshold: 0.9, pvalThreshold: 0.1, bestModelProportion: 0.75, minObservationsNeeded: 11 }"
129,"{timeSeries: ee.ImageCollection([]), maxSegments: 11 , spikeThreshold: 0.9, vertexCountOvershoot: 3, preventOneYearRecovery: true, recoveryThreshold: 0.9, pvalThreshold: 0.15, bestModelProportion: 0.75, minObservationsNeeded: 11 }"
130,"{timeSeries: ee.ImageCollection([]), maxSegments: 11 , spikeThreshold: 0.9, vertexCountOvershoot: 3, preventOneYearRecovery: true, recoveryThreshold: 1.0, pvalThreshold: 0.05, bestModelProportion: 0.75, minObservationsNeeded: 11 }"
131,"{timeSeries: ee.ImageCollection([]), maxSegments: 11 , spikeThreshold: 0.9, vertexCountOvershoot: 3, preventOneYearRecovery: true, recoveryThreshold: 1.0, pvalThreshold: 0.1, bestModelProportion: 0.75, minObservationsNeeded: 11 }"
132,"{timeSeries: ee.ImageCollection([]), maxSegments: 11 , spikeThreshold: 0.9, vertexCountOvershoot: 3, preventOneYearRecovery: true, recoveryThreshold: 1.0, pvalThreshold: 0.15, bestModelProportion: 0.75, minObservationsNeeded: 11 }"
133,"{timeSeries: ee.ImageCollection([]), maxSegments: 11 , spikeThreshold: 1.0, vertexCountOvershoot: 3, preventOneYearRecovery: true, recoveryThreshold: 0.25, pvalThreshold: 0.05, bestModelProportion: 0.75, minObservationsNeeded: 11 }"
134,"{timeSeries: ee.ImageCollection([]), maxSegments: 11 , spikeThreshold: 1.0, vertexCountOvershoot: 3, preventOneYearRecovery: true, recoveryThreshold: 0.25, pvalThreshold: 0.1, bestModelProportion: 0.75, minObservationsNeeded: 11 }"
135,"{timeSeries: ee.ImageCollection([]), maxSegments: 11 , spikeThreshold: 1.0, vertexCountOvershoot: 3, preventOneYearRecovery: true, recoveryThreshold: 0.25, pvalThreshold: 0.15, bestModelProportion: 0.75, minObservationsNeeded: 11 }"
136,"{timeSeries: ee.ImageCollection([]), maxSegments: 11 , spikeThreshold: 1.0, vertexCountOvershoot: 3, preventOneYearRecovery: true, recoveryThreshold: 0.5, pvalThreshold: 0.05, bestModelProportion: 0.75, minObservationsNeeded: 11 }"
137,"{timeSeries: ee.ImageCollection([]), maxSegments: 11 , spikeThreshold: 1.0, vertexCountOvershoot: 3, preventOneYearRecovery: true, recoveryThreshold: 0.5, pvalThreshold: 0.1, bestModelProportion: 0.75, minObservationsNeeded: 11 }"
138,"{timeSeries: ee.ImageCollection([]), maxSegments: 11 , spikeThreshold: 1.0, vertexCountOvershoot: 3, preventOneYearRecovery: true, recoveryThreshold: 0.5, pvalThreshold: 0.15, bestModelProportion: 0.75, minObservationsNeeded: 11 }"
139,"{timeSeries: ee.ImageCollection([]), maxSegments: 11 , spikeThreshold: 1.0, vertexCountOvershoot: 3, preventOneYearRecovery: true, recoveryThreshold: 0.9, pvalThreshold: 0.05, bestModelProportion: 0.75, minObservationsNeeded: 11 }"
140,"{timeSeries: ee.ImageCollection([]), maxSegments: 11 , spikeThreshold: 1.0, vertexCountOvershoot: 3, preventOneYearRecovery: true, recoveryThreshold: 0.9, pvalThreshold: 0.1, bestModelProportion: 0.75, minObservationsNeeded: 11 }"
141,"{timeSeries: ee.ImageCollection([]), maxSegments: 11 , spikeThreshold: 1.0, vertexCountOvershoot: 3, preventOneYearRecovery: true, recoveryThreshold: 0.9, pvalThreshold: 0.15, bestModelProportion: 0.75, minObservationsNeeded: 11 }"
142,"{timeSeries: ee.ImageCollection([]), maxSegments: 11 , spikeThreshold: 1.0, vertexCountOvershoot: 3, preventOneYearRecovery: true, recoveryThreshold: 1.0, pvalThreshold: 0.05, bestModelProportion: 0.75, minObservationsNeeded: 11 }"
143,"{timeSeries: ee.ImageCollection([]), maxSegments: 11 , spikeThreshold: 1.0, vertexCountOvershoot: 3, preventOneYearRecovery: true, recoveryThreshold: 1.0, pvalThreshold: 0.1, bestModelProportion: 0.75, minObservationsNeeded: 11 }"
144,"{timeSeries: ee.ImageCollection([]), maxSegments: 11 , spikeThreshold: 1.0, vertexCountOvershoot: 3, preventOneYearRecovery: true, recoveryThreshold: 1.0, pvalThreshold: 0.15, bestModelProportion: 0.75, minObservationsNeeded: 11 }"
